option_type,greek,analytic,finite_difference,abs_error
call,delta,0.508544190535379,0.508544190497062,3.83169052042831e-11
call,gamma,0.0230276605760214,0.023027670437159,9.86113758705276e-09
call,vega,34.5414908640322,34.541490834874,2.91581514488826e-08
call,theta,-6.82888157828944,-6.82888157843564,1.46198608774739e-10
put,delta,-0.491455809464621,-0.491455809511709,4.70885552772415e-11
put,gamma,0.0230276605760214,0.0230276571144827,3.46153870844912e-09
put,vega,34.5414908640322,34.5414908349051,2.91270652041931e-08
put,theta,-1.77211088525513,-1.77211088536744,1.12311715483315e-10
